{
    "calendar": [
      {
        "id": "12345",
        "title": "Acme Proposal Meeting",
        "invitees": "dave, john, bob, carol",
        "matching_terms": [
          "dave",
          "john",
          "bob",
          "carol",
          "acme"
        ],
        "date": "2019-01-10 10:00:00"
      },
      {
        "id": "12345",
        "title": "Acme Final Delivery Meeting",
        "invitees": "dave, john, bob, alice",
        "matching_terms": [
          "dave",
          "john",
          "bob",
          "alice",
          "acme"
        ],
        "date": "2019-03-01 11:00:00"
      }
    ]
  }