{
    "dropbox": [
      {
        "id": "12345",
        "path": "/taxes/2016/w2-acme.pdf",
        "title": "\"2016 W2\"",
        "shared_with": [
          "jane@accountants.com",
          "spouse@family.org"
        ],
        "matching_terms": [
          "tax",
          "w2",
          "alice"
        ],
        "created": "2016-02-01"
      },
      {
        "id": "34567",
        "path": "/work/customers/acme/invoice.docx",
        "title": "\"ACME Corp: Invoice\"",
        "shared_with": [
          "acme-accounts@mycompany.com"
        ],
        "matching_terms": [
          "acme",
          "invoice"
        ],
        "created": "2019-02-01"
      },
      {
        "id": "56789",
        "path": "/purchases/2016/fridge.pdf",
        "title": "\"Best Buy: Invoice\"",
        "matching_terms": [
          "invoice"
        ],
        "created": "2019-02-01"
      },
      {
        "id": "3456789",
        "path": "/work/customers/acme/proposal.docx",
        "title": "\"ACME Corp: Draft MoU\"",
        "shared_with": [
          "acme-accounts@mycompany.com"
        ],
        "matching_terms": [
          "acme",
          "proposal",
          "mou"
        ],
        "created": "2019-01-19"
      },
      {
        "id": "3556789",
        "path": "/work/customers/acme/meeting-notes.docx",
        "title": "\"ACME Corp: Meeting Notes\"",
        "shared_with": [
          "acme-accounts@mycompany.com"
        ],
        "matching_terms": [
          "acme",
          "meeting notes"
        ],
        "created": "2019-02-04"
      }
    ]
  }